아이폰 13 256GB [자급제],"1,089,830원",https://cr.shopping.naver.com/adcr.nhn?x=JvH3ozB73N4z6%2BYay%2FOn%2Fv%2F%2F%2Fw%3D%3Dsp2O2l2V%2BVpvJRBsGSd4HhbpQ1Q4D7%2BVlwz0a5mnNpLyGgjNtjvRyY8TaEm3AQ5UwfZz6hNXBQnoYGAG4WUOEKbieSOPjDtzQbQTZ4BaXQoPRBUCc%2Fit5%2BCpIBG9JMmyKI4EzZNARfSXSmzJ1q0LVzt9%2BKy%2Fm0d%2BgYWHtEf61Jo5CNclKwvLyA%2Fys%2F%2FHPPajLymj3I0Ayg2aYacGIsBoPOmNmcbgLr0lu2cCLGgyX7c9vsepmwRk8o%2FCB4DgHhnjV3m713GZwCmQx%2FE%2BuQBSiLPziKuqi6lvlwe2gIVAf2UAlXTdy6Sn%2F2yromYu89VyUvMV%2Bg3leoJAL1IRN7mwcio0XniJibjwcctUHuyoXuclXfqiCwBtPYYwEdSt6i2JAd%2FDEuCS2Zrll9y4OS8eJPW%2BSivtm6ryIrke9VsSBx%2FIEc05LTibBt%2FawtKKLwCqnaAlobvnzLQdM2LFJqdgxXA385erTrEUuUwLA0NA5uM8tyoSE6KxzK06m1%2BHQP34C%2BbC1Cf8uCBK%2FXkYZ3DAXh5vu71i%2B8hpOJ2WCDJhJOEUSzxwVRNV%2FYRemZK5z1sCEqES8y2MJ2VZxtNNLbfh%2FFiPn58v8xukim%2BRh831cfy0OEsHC78VBLnFZh%2FnDobeN&nvMid=29029192591&catId=50001519
아이폰 13 미니 128GB [자급제],"798,000원",https://cr.shopping.naver.com/adcr.nhn?x=AefE6yCCH4UJirz9X%2FDGpf%2F%2F%2Fw%3D%3DsIuL7C%2FCbhcRsAz5Owl7DqNeRER6N3X5wiRptIyGSyb2GgjNtjvRyY8TaEm3AQ5Uw0pD79a0Wq%2FGX0LC4kZYMC7ieSOPjDtzQbQTZ4BaXQoPRBUCc%2Fit5%2BCpIBG9JMmyKI4EzZNARfSXSmzJ1q0LVzt9%2BKy%2Fm0d%2BgYWHtEf61Jo5CNclKwvLyA%2Fys%2F%2FHPPajL6vmS6IPw0N8PQDlZk4TeMmNmcbgLr0lu2cCLGgyX7c9vsepmwRk8o%2FCB4DgHhnjV3m713GZwCmQx%2FE%2BuQBSiLPziKuqi6lvlwe2gIVAf2UAlXTdy6Sn%2F2yromYu89VyUtH1IS5XZ0RqLouTGXcW6069Skt3Usc5GPsCKxGi5E0xXfqiCwBtPYYwEdSt6i2JAmEwzklfczU%2FX57JNs5EMRIKRWQRoKUYseJSMX4ors%2BUEc05LTibBt%2FawtKKLwCqnlArQYL2rUkhRRerK7frppVAd3u3y%2B4XNwIArnBjGOjslDv77rgQoH8LCOsgmhGGjhejKyKKQJPosYkFFU2iKXlx0EZK85Jz1vc4nlrBoldsBhNg6pO%2F%2Bw6bSRwW%2FduOkXv%2Bo01Jd7q%2BglpM%2B9B7Ae6cGxZu4KQI7Nei1SJIPinLke%2FVP%2BgM94BPZkP5YJ%2Bex&nvMid=29030650586&catId=50001519
아이폰 13 미니 256GB [자급제],"1,230,450원",https://cr.shopping.naver.com/adcr.nhn?x=YegKw3ZQqLR45Gt8DlqCUv%2F%2F%2Fw%3D%3Ds%2B7E9WiwkVBgqn%2BNVT%2Bfyh2w%2FCaQfhGU2Cf24fqjXeWfrlQPyQuHoHFsppYbPEdHaJvFBCVXjnGmS%2FiFRvBo5LLaVwYSSpLY1nb18Yvfv0CFEUNwosMc2lhJVWZU1ti%2F%2FiIY1b0rJiSzfd9Hm07yfPoZnlrSZr8PDPdBCvs8uWtdeJxHcKH4rYUhc5SxvGs%2FQHFu7hQKMJ1DiSIn6Qv1RZSJO7jbxAC%2FhHJnJbE9pD225SET%2FmTh%2Bwr3iKnDGr9FRKXjFaxao6j%2BzCdDBK4%2Fo7118On0%2B4OT76dMX121gsZ4Hs%2F2PHkpmvWjL2qy1nHubPcIU8dA8pRf6ZiBiSE75lExikED1grRrCT9bFpFl4xRkIptLkhleORsoGb3BUK6Qk7A%2FO6d9%2F96zm7%2FMwASq2buQ%2FPhU4FjCqrrEF26OgZdKsaK6szvgRo5X5XC1HnWyi3Qtkfn1hMkL8tyo3kAsI5%2BlbH8SDVTDlIrjfh77YXj1JtnyFV8OD7Bngtl8x0Qvfm8I4%2BLwqxkEirhSi8uz%2FL2uvO6tGlDr5sYsj4CANFOUy967mlSa3mZfqZTLi6DqRcr15Kty4fmGxB2pSaMJdWDFcnWSGsTJioHoKTP0ZkdvU2Y6hEEwGxc1AZfON9sL4VRAH%2BsMDObarUodGweR8Q%3D%3D&nvMid=29030437590&catId=50001519
아이폰 13 미니 512GB [자급제],"1,799,890원",https://cr.shopping.naver.com/adcr.nhn?x=faOPb84tQZ6PSMv31tmLtf%2F%2F%2Fw%3D%3Dsgq8mJXvroRvgqkJnC3riLKmkJ6NfCTcu4%2FvMklG6NjqGgjNtjvRyY8TaEm3AQ5Uwf9cCLV9evlqTmka%2BvLU%2BqrieSOPjDtzQbQTZ4BaXQoPRBUCc%2Fit5%2BCpIBG9JMmyKI4EzZNARfSXSmzJ1q0LVzt9%2BKy%2Fm0d%2BgYWHtEf61Jo5CNclKwvLyA%2Fys%2F%2FHPPajLAv6mDD2uTNJECH9p%2Be0Yi2NmcbgLr0lu2cCLGgyX7c9vsepmwRk8o%2FCB4DgHhnjV3m713GZwCmQx%2FE%2BuQBSiLPziKuqi6lvlwe2gIVAf2UAlXTdy6Sn%2F2yromYu89VyUE3xTEFCjllINqdmwqSL69YaULt07a3t3ZbLFA07aIx9XfqiCwBtPYYwEdSt6i2JAU08y%2FDFkXp%2FpYYZOo5Vft6XoYkBsNbO7MuF95LQZ6PMEc05LTibBt%2FawtKKLwCqnlArQYL2rUkhRRerK7frppeZ1RfUR03DP5XJoaH58PzElDv77rgQoH8LCOsgmhGGjhejKyKKQJPosYkFFU2iKXtD82ru1p37ZIygBgVDdPIFRN64mBm9G8QruBkLDcHT64nsDwEYKXwYpA24uUoxbNrKyTUQ%2FjEkJBdURAVjYufZXc50eBITwugSNPH3Ok09sVpGw61BSdoQRvEGgfFlc5w%3D%3D&nvMid=29030296587&catId=50001519
아이폰 13 128GB [자급제],"1,058,360원",https://cr.shopping.naver.com/adcr.nhn?x=L91QtYK17yrchZ8CqQyNZv%2F%2F%2Fw%3D%3Ds0q6ZzPL4hh%2Bl1ISqH5Es9a3ws%2BNCQGiiRjhgVJ22MrLrlQPyQuHoHFsppYbPEdHahoxMRR9ttcvR75JW5sBIz%2F7timwVqtG8OgCT1KhJ%2BClEUNwosMc2lhJVWZU1ti%2F%2FiIY1b0rJiSzfd9Hm07yfPoZnlrSZr8PDPdBCvs8uWtdeJxHcKH4rYUhc5SxvGs%2FQr4wGF0AEo4GvzL2xjrn4ViJO7jbxAC%2FhHJnJbE9pD225SET%2FmTh%2Bwr3iKnDGr9FRKXjFaxao6j%2BzCdDBK4%2Fo7118On0%2B4OT76dMX121gsZ4Hs%2F2PHkpmvWjL2qy1nHubRAhzpglrnvlBGmlIRzIuhwWMANjv0zXCIygJ%2BcbceoFkIptLkhleORsoGb3BUK6Qk7A%2FO6d9%2F96zm7%2FMwASq2UDfF9cvaHPbDWG2UYi%2FOrFKsaK6szvgRo5X5XC1HnWyL6U2IGW%2FFcC17swZn%2BItBb2VsIAdSBjHtTdXYc693jejriJ8H0NV5nx9%2BVr0aUV2BrvsXtLMTdMmijH7hqA%2FZOVMU1VewwReR%2BJkalZ9dpeIDf9TYDOC4LzgCehLsur5myaPocubVLpWrDyOmuN5aImNu8YrRZxpIXZWDKGILgtoaKZHilHbuauHUigNM5KA&nvMid=29030374587&catId=50001519
아이폰 13 프로 256GB [자급제],"1,550,400원",https://cr.shopping.naver.com/adcr.nhn?x=lafOXgHrUJZMsKp5dvisHf%2F%2F%2Fw%3D%3DssvIhrEWJJ8CcIxi072ZheTm1RE9z2b4yORVj9izZoH6GgjNtjvRyY8TaEm3AQ5UwqSHagGgqPXgO7LnsJdJSL7ieSOPjDtzQbQTZ4BaXQoPRBUCc%2Fit5%2BCpIBG9JMmyKI4EzZNARfSXSmzJ1q0LVzt9%2BKy%2Fm0d%2BgYWHtEf61Jo5CNclKwvLyA%2Fys%2F%2FHPPajL137zj6xS8KLGHM26HEneD2NmcbgLr0lu2cCLGgyX7c9vsepmwRk8o%2FCB4DgHhnjV3m713GZwCmQx%2FE%2BuQBSiLPziKuqi6lvlwe2gIVAf2UAlXTdy6Sn%2F2yromYu89VyUr90%2F8Ark6f1SHky5VNdGkqWWkQDn9mxhL5im8pXOOttXfqiCwBtPYYwEdSt6i2JA%2FWMLzxfkqsmfXLVpvQi4a%2FkwYDk9tHsvw%2B%2F64PPynPYEc05LTibBt%2FawtKKLwCqnk6qjg%2F%2B%2B1yHbR7Om%2F12%2BtCOCcokyWX5Du%2FLDhkAEqN8lDv77rgQoH8LCOsgmhGGjhejKyKKQJPosYkFFU2iKXkPROzQQ72ndHqQudmISsOhRN64mBm9G8QruBkLDcHT6sm0cdU5wEDowBfWoCUbchTbj1aTvAOs2rgr32PJOQEVXc50eBITwugSNPH3Ok09sVpGw61BSdoQRvEGgfFlc5w%3D%3D&nvMid=29030492586&catId=50001519
아이폰 13 프로 128GB [자급제],"1,649,990원",https://cr.shopping.naver.com/adcr.nhn?x=SoBH6blHJ7oc55vRP99bV%2F%2F%2F%2Fw%3D%3DsbjD9%2BCAWPYbLS3%2Fx1YfpcXnWpOJyVLr7IPu%2FMHQ%2FUySGgjNtjvRyY8TaEm3AQ5UwnDs95sf2nUn4yWOoNkm8drieSOPjDtzQbQTZ4BaXQoPRBUCc%2Fit5%2BCpIBG9JMmyKI4EzZNARfSXSmzJ1q0LVzt9%2BKy%2Fm0d%2BgYWHtEf61Jo5CNclKwvLyA%2Fys%2F%2FHPPajLTxs46ihXoVB%2B04WPMRzZJmNmcbgLr0lu2cCLGgyX7c9vsepmwRk8o%2FCB4DgHhnjV3m713GZwCmQx%2FE%2BuQBSiLPziKuqi6lvlwe2gIVAf2UAlXTdy6Sn%2F2yromYu89VyUShxf1h3AFdV4icjwzAPUeA5beKBZoZu%2Fx3BGEBHk2VBXfqiCwBtPYYwEdSt6i2JAHH5%2F%2FrTPKN8vdPErW076OFZRUPHfSrK8%2FRQ6mKxMpUwEc05LTibBt%2FawtKKLwCqnk6qjg%2F%2B%2B1yHbR7Om%2F12%2BtHnpx4gEZsGjZBJSCDwSLbAlDv77rgQoH8LCOsgmhGGjhejKyKKQJPosYkFFU2iKXtTf7fyLY9t3mx8vwhQ165ZRN64mBm9G8QruBkLDcHT6doQ5wu7xe2BI2GqhysjL9OL0O0LziKSWQwIe6PQU4pxXc50eBITwugSNPH3Ok09sVpGw61BSdoQRvEGgfFlc5w%3D%3D&nvMid=29030420587&catId=50001519
아이폰 13 프로 1TB [자급제],"1,550,000원",https://cr.shopping.naver.com/adcr.nhn?x=7QWVsAGGsyn95wZvg6kTY%2F%2F%2F%2Fw%3D%3Dso%2FFfS5Ipd%2Fby0PQBNsfVA%2BFspVPYqX0t88YZymX8XhSGgjNtjvRyY8TaEm3AQ5UwMIYYA6PoLKLIBxqxS%2BMX6rieSOPjDtzQbQTZ4BaXQoPRBUCc%2Fit5%2BCpIBG9JMmyKI4EzZNARfSXSmzJ1q0LVzt9%2BKy%2Fm0d%2BgYWHtEf61Jo5CNclKwvLyA%2Fys%2F%2FHPPajLnGSGtfC7HsVtItJ58Wx%2BqWNmcbgLr0lu2cCLGgyX7c9vsepmwRk8o%2FCB4DgHhnjV3m713GZwCmQx%2FE%2BuQBSiLPziKuqi6lvlwe2gIVAf2UAlXTdy6Sn%2F2yromYu89VyUtjX8Ot%2FGhHyJ0AHZ5az9vL3p5xwzBv73fIBOr7m9cpRXfqiCwBtPYYwEdSt6i2JAd%2FDEuCS2Zrll9y4OS8eJPQJhH8P9ykVUm6BB2apgzPwEc05LTibBt%2FawtKKLwCqnk6qjg%2F%2B%2B1yHbR7Om%2F12%2BtHHkQJ%2FrU8QF%2B5mHEyvWdY%2FL%2FnGINkSYp%2Bd2xAAY7UDn1UxaqwwRAbTAeA%2FJh4PWJseiTnXOz5Y02MDm93lA4GOdSlPOZBN6V54TTL6u%2FzFs%2Bt9rtdcOOqjbgvTFvyHEoOm2PNr%2BNISrA9fBjU5cISDHICEQpPL7Rm%2B2fyhjEhHR&nvMid=29029192588&catId=50001519
아이폰 13 프로 맥스 256GB [자급제],"1,919,990원",https://cr.shopping.naver.com/adcr.nhn?x=hz2Krja5FGlolT9Ae9KeFf%2F%2F%2Fw%3D%3Ds197U3e7J%2FQxiuWk6n2r7llQ061PqVkPit1GP3HoWssKGgjNtjvRyY8TaEm3AQ5Uw%2FaLBNINk3at0AfK2XXsi1LieSOPjDtzQbQTZ4BaXQoPRBUCc%2Fit5%2BCpIBG9JMmyKI4EzZNARfSXSmzJ1q0LVzt9%2BKy%2Fm0d%2BgYWHtEf61Jo5CNclKwvLyA%2Fys%2F%2FHPPajLFwJLY7jZl%2ByD9qyNvqbno2NmcbgLr0lu2cCLGgyX7c9vsepmwRk8o%2FCB4DgHhnjV3m713GZwCmQx%2FE%2BuQBSiLPziKuqi6lvlwe2gIVAf2UAlXTdy6Sn%2F2yromYu89VyUQL8L%2FeQw%2Fqp7rAKSV7babtFh02O2nIOEQUIiO799zahXfqiCwBtPYYwEdSt6i2JAU08y%2FDFkXp%2FpYYZOo5Vft4%2FJ9VWu881IT7GL757Q0D8Ec05LTibBt%2FawtKKLwCqnk6qjg%2F%2B%2B1yHbR7Om%2F12%2BtAm3dAkP%2Fn0VvyxjRZxDM5B1I8EDCh5n2RBrPUf%2BYM4BX8a%2FHvPOPEuDd1Ce%2FzZYNVSODMMnxWw0RtCrVLkQh06oQKjzGx%2FvrRGLbEArPga%2B%2BgtF15PMkmjkNDmi88yMRf9tllLVV%2FAYmG7%2B4EaZ88G8uuKx2lWqXX9cpC0sVk%2BDHRyPBWbUFRhWScTsgQynPg%3D%3D&nvMid=29030294588&catId=50001519
아이폰 13 미니 128GB [SKT],"330,000원",https://cr.shopping.naver.com/adcr.nhn?x=UGvw7XHQtSYBJSoFCHPeDv%2F%2F%2Fw%3D%3DsVOHt%2BuvAFDmbs5zbw4H9ty0SzcYMxlZIcypXfFHS2ZCGgjNtjvRyY8TaEm3AQ5Uw%2Fn%2FnygEgDufzg%2F%2Bc6nimM7ieSOPjDtzQbQTZ4BaXQoPRBUCc%2Fit5%2BCpIBG9JMmyKI4EzZNARfSXSmzJ1q0LVzt9%2BKy%2Fm0d%2BgYWHtEf61Jo5CNclKwvLyA%2Fys%2F%2FHPPajLEpNgxrjwGzie2u%2Bv8etROGNmcbgLr0lu2cCLGgyX7c9vsepmwRk8o%2FCB4DgHhnjV3m713GZwCmQx%2FE%2BuQBSiLPziKuqi6lvlwe2gIVAf2UAlXTdy6Sn%2F2yromYu89VyUFgg8INIR2wqBBN%2BdEdFheY1gW68VitqLYDbjNKHqQi1XfqiCwBtPYYwEdSt6i2JA4m5gsPjaLFT6CyWcokf44XAQbA%2BNoBDzx6xYCC4si9AEc05LTibBt%2FawtKKLwCqnlArQYL2rUkhRRerK7frppb7azsu7C1F%2BF9cu4OEvD%2Fe7A%2F0vSPti8cHY4o2fastwzBYyqt%2BIQT6CoFAJEnBQ4a3d4Sq4eApIJudwXoQVF9MSzxwVRNV%2FYRemZK5z1sCEew6KeYrCQwe2Hjy%2BIe624jlnYqm%2FKsYXMfItNmPYDhKFbDf4gHI5rSMJU1BWcIOg&nvMid=29030427586&catId=50000246
아이폰 13 프로 512GB [자급제],"1,895,990원",https://cr.shopping.naver.com/adcr.nhn?x=PUquFKC1GqqVQsumSkBPIv%2F%2F%2Fw%3D%3DsOQQ2XjNSodnUVplASNEVtkW3S7R2g%2BEFzqGISl1pKkSGgjNtjvRyY8TaEm3AQ5UwnizupnOlOQiu9B28OYQ91rieSOPjDtzQbQTZ4BaXQoPRBUCc%2Fit5%2BCpIBG9JMmyKI4EzZNARfSXSmzJ1q0LVzt9%2BKy%2Fm0d%2BgYWHtEf61Jo5CNclKwvLyA%2Fys%2F%2FHPPajLiYCoXVZpYWHK%2BSJmDHKCzmNmcbgLr0lu2cCLGgyX7c9vsepmwRk8o%2FCB4DgHhnjV3m713GZwCmQx%2FE%2BuQBSiLPziKuqi6lvlwe2gIVAf2UAlXTdy6Sn%2F2yromYu89VyUfJNv3xNtNUYW8pjGIE0rababsngr7s2skkE6PUIftKBXfqiCwBtPYYwEdSt6i2JA0H%2BFxqyd6hoFEQsiusNJdqXoYkBsNbO7MuF95LQZ6PMEc05LTibBt%2FawtKKLwCqnk6qjg%2F%2B%2B1yHbR7Om%2F12%2BtE5%2BMKgkmCGlBQziR%2BVKAswlDv77rgQoH8LCOsgmhGGjhejKyKKQJPosYkFFU2iKXt2J89fGxBr%2BVYwYdGlIj9JRN64mBm9G8QruBkLDcHT64WOkMDepZ2NhJ82w7YLxgt3hBeHypflEL1L081PvqA9WhZ3SMHTcLlpircdRzUgq1JIslBmdxaTx7xO1%2BPPoWw%3D%3D&nvMid=29030416587&catId=50001519
아이폰 13 프로 맥스 128GB [자급제],"1,849,000원",https://cr.shopping.naver.com/adcr.nhn?x=RhCeOYlv%2BfV%2BuboX4alYp%2F%2F%2F%2Fw%3D%3DsZKzSAupdG7f6%2Fz%2BAVLIlKRYPqek0Ox79vKGSLeG%2BkdCGgjNtjvRyY8TaEm3AQ5UwJdHckTQFRuIVhY3oKN95crieSOPjDtzQbQTZ4BaXQoPRBUCc%2Fit5%2BCpIBG9JMmyKI4EzZNARfSXSmzJ1q0LVzt9%2BKy%2Fm0d%2BgYWHtEf61Jo5CNclKwvLyA%2Fys%2F%2FHPPajLCLK1IiVYHoJNpNr5Mls8y2NmcbgLr0lu2cCLGgyX7c9vsepmwRk8o%2FCB4DgHhnjV3m713GZwCmQx%2FE%2BuQBSiLPziKuqi6lvlwe2gIVAf2UAlXTdy6Sn%2F2yromYu89VyUABIonnvYfreswjbvwXGmCePkO6wdUHU9rDZa3BCjOcNXfqiCwBtPYYwEdSt6i2JAJ5OzJMHkakZ8t7rAWVoiKQVylq8pbHW8tzsJ%2B3GMigYEc05LTibBt%2FawtKKLwCqnk6qjg%2F%2B%2B1yHbR7Om%2F12%2BtBtYgbzS1XgDKfvh8khhdnl1I8EDCh5n2RBrPUf%2BYM4BX8a%2FHvPOPEuDd1Ce%2FzZYNX3h%2BAhY3e5MElm4pwFR%2BxadYkvQlAC9ilU7%2BtFfylMH%2BgtF15PMkmjkNDmi88yMRVEF8V7Idi7B%2BY0%2Bd0ML%2FXYVsNgI5v4TtHiMPnCcW5w0gqgOvq6z5EpEI5N2xav1Mg%3D%3D&nvMid=29030367587&catId=50001519
Apple 아이폰 13 미니 128GB [LG U+],"199,600원",https://cr.shopping.naver.com/adcr.nhn?x=cQz72ciFfjOTMD1OIzVF5f%2F%2F%2Fw%3D%3DsmdDWdhSJujLcRUn4k%2BdvGJ9Wo0tz2ROQu2ntOunKwYzrlQPyQuHoHFsppYbPEdHa1El7cBpgXoGFf%2Fxy9QwTsvBRfGwrPrzNNjUk8sgiOYlEUNwosMc2lhJVWZU1ti%2F%2FiIY1b0rJiSzfd9Hm07yfPoZnlrSZr8PDPdBCvs8uWtdeJxHcKH4rYUhc5SxvGs%2FQ7pbwbHSh%2FX5BFJKMjiN3fSJO7jbxAC%2FhHJnJbE9pD225SET%2FmTh%2Bwr3iKnDGr9FRKXjFaxao6j%2BzCdDBK4%2Fo7118On0%2B4OT76dMX121gsZ4Hs%2F2PHkpmvWjL2qy1nHub%2FWHYE29c2fBkD3QzTw2B3shkaP63m4MYXXAbXkpkRjJkIptLkhleORsoGb3BUK6QdpNigRczOXpJrKZuD6kaGyuKWKROLEItxVmr9RMhP1FKsaK6szvgRo5X5XC1HnWyi3Qtkfn1hMkL8tyo3kAsI%2F8rO2HOhPwRHEeeqEXVQy6aU9qNqKx0Qc11MwuBOlFmFUGuMYzpkFC5EDWgDPyQkIj6njvuJE5phq9oxhWqa52dSlPOZBN6V54TTL6u%2FzFs8jiHDJMzc%2Ba83oDDjF9ceG3TVzz4TrCo0no3xucMrBfke%2FVP%2BgM94BPZkP5YJ%2Bex&nvMid=29030431586&catId=50000248
아이폰 13 프로 맥스 1TB [자급제],"1,936,000원",https://cr.shopping.naver.com/adcr.nhn?x=BVNhX6QrLGxVvv4xXUrAMv%2F%2F%2Fw%3D%3DsUIrYb6%2BgUwoFmsBfOqEdYQkuqmZwLEA1NJZBiFaAS5iGgjNtjvRyY8TaEm3AQ5UwLH4Rfo6CitHpTIWRAZMkzLieSOPjDtzQbQTZ4BaXQoPRBUCc%2Fit5%2BCpIBG9JMmyKI4EzZNARfSXSmzJ1q0LVzt9%2BKy%2Fm0d%2BgYWHtEf61Jo5CNclKwvLyA%2Fys%2F%2FHPPajLC%2BPy9MaCZsnTGtLGSpgz82NmcbgLr0lu2cCLGgyX7c9vsepmwRk8o%2FCB4DgHhnjV3m713GZwCmQx%2FE%2BuQBSiLPziKuqi6lvlwe2gIVAf2UAlXTdy6Sn%2F2yromYu89VyUhdIWXRhSozYsFD%2BCMzUYwo92y2rugVjDbegz7nbnEzxXfqiCwBtPYYwEdSt6i2JAd%2FDEuCS2Zrll9y4OS8eJPQ4IEJ%2B%2BndaxD1KPmeEgFm8Ec05LTibBt%2FawtKKLwCqnk6qjg%2F%2B%2B1yHbR7Om%2F12%2BtF1EdphjnsJ3geKmXRO9l6LPU6pntGCurhu%2FV8uonTYh5X6MB3JdbnBohOi8QY2msuhROzrEvkm7W%2FgYFEWRwx481Gi44tUFH1uRUKbnASPQezdPirNIEhU3YcDKwV2g5Av2C%2BbaCodHXUFIAJuSjGKy5o2wVXHl6Nqb%2FoiWMPZUQdAiJdwXirBRdnaxfvrBbw%3D%3D&nvMid=29029192590&catId=50001519
아이폰 13 프로 맥스 512GB [자급제],"1,932,000원",https://cr.shopping.naver.com/adcr.nhn?x=lKsEwsIcCKrfAOfW5YVbKv%2F%2F%2Fw%3D%3DsaLrXcIJevLJFjjqubcgJIm3pfkS4x9wDIPjFjrZLfu7rlQPyQuHoHFsppYbPEdHaPrSaKw%2Fu2s%2FNwOGT1XqmuNGQDM2F5BIsA%2B0Z3SQ%2BoU9EUNwosMc2lhJVWZU1ti%2F%2FiIY1b0rJiSzfd9Hm07yfPoZnlrSZr8PDPdBCvs8uWtdeJxHcKH4rYUhc5SxvGs%2FQ1l6YoWQhCMdLuiONCMVhkSJO7jbxAC%2FhHJnJbE9pD225SET%2FmTh%2Bwr3iKnDGr9FRKXjFaxao6j%2BzCdDBK4%2Fo7118On0%2B4OT76dMX121gsZ4Hs%2F2PHkpmvWjL2qy1nHubyjLq%2FZyqbiKSXohpAim94UUsOfWJ1kGhXBpxIFMF27RkIptLkhleORsoGb3BUK6QIzTzjQrR1JItZ3Q6ocvnWgnrmHxOWiaJBdkSS5SxmfdKsaK6szvgRo5X5XC1HnWyJWkKsSeQuaZ%2FlYk3rKhKIJmtTJ49uTiKu%2BskkNbp%2FU3PxSH%2BMhjwnhZYEHfltYfSuwP9L0j7YvHB2OKNn2rLcL3ctIjpHfVoDrWLA3kBOPB3iWAQrCRIX62F0dwz%2Fw1fEaThcwm2jOjlPe7qD4n4673O7v20R2N%2FX8tMYPUSykH3gm%2F5BOhm0Mzhf4ousRUEy1Vhq%2FH77x9Zlr1IFzyuow%3D%3D&nvMid=29029192586&catId=50001519
아이폰 13 512GB [자급제],"1,200,000원",https://cr.shopping.naver.com/adcr.nhn?x=foBLWskhqYGXOJJHXF3Qzv%2F%2F%2Fw%3D%3DsO051rHLRDrrUz%2F3rtK5p5X73aPROpL6lS%2FZYEFe7dkfrlQPyQuHoHFsppYbPEdHaJep5unkWfcUk67Yzuq%2F6Hoia2ec1Eu67jCIiczCcPzJEUNwosMc2lhJVWZU1ti%2F%2FiIY1b0rJiSzfd9Hm07yfPoZnlrSZr8PDPdBCvs8uWtdeJxHcKH4rYUhc5SxvGs%2FQHwf5O79l1TmN7zCe7XuE%2FiJO7jbxAC%2FhHJnJbE9pD225SET%2FmTh%2Bwr3iKnDGr9FRKXjFaxao6j%2BzCdDBK4%2Fo7118On0%2B4OT76dMX121gsZ4Hs%2F2PHkpmvWjL2qy1nHubMcVviw3DVWgf0lXHkLjpTXany8q6PFxTdGtPXbJoluxkIptLkhleORsoGb3BUK6Qk7A%2FO6d9%2F96zm7%2FMwASq2VyXDUXif%2Fv5kcb7l%2F7J%2Be5KsaK6szvgRo5X5XC1HnWyc2LvbLmb0piWIbzV6Bm0kwnrPi2U4bJlb1h8%2Fb7weIijriJ8H0NV5nx9%2BVr0aUV2F8xo2tWvvscSk%2FUShF2AzY3z7Nm%2FF4gZq1Gq0oONDImIDf9TYDOC4LzgCehLsur5FXd3gzmctLXrQE0OUTVEoxE4oSokhj9%2BoCqzs3m0%2BA7Njqh%2FZemCCOboDhnweAmG&nvMid=29030496586&catId=50001519
Apple 아이폰 13 미니 256GB [LG U+],"506,490원",https://cr.shopping.naver.com/adcr.nhn?x=x6lB5yZYyA8uVoFqqsilP%2F%2F%2F%2Fw%3D%3DstS3TJLRU3NtdVtJI6TzRjffLOKirpYJDC4dMEkO%2FjnXki%2BKi8JKVq%2BgPpCyk2HugqC3xhtH9o%2FYbWBqTgIsqabnARcZ8qCi5UAIf9xrFTBh9EuezueDBLd2e57CNEKCrb3hPGFCepHQYp9gjfc5V%2BLngnxQ7ssMZd09T0OjyjIyEQne6246UF7e42c1JQLFz27eO5qjC5%2BneTPJWP3qgaDX9%2BvO8%2BmWiKajsR%2BGu%2FimL51f%2FOsiH5HWfF5mj56lVJPEnK5ytQS83er5a9AkvAlVd6Z%2BmZ5fvTALbBBPmfKLmnGLANk9TjQtjOEdf9xG%2FEhonCtmd7tUHV5pFy%2BEiMmovNxFWzA781dOsDXmXgY1h3o%2Ftsqd%2Fog32IRG%2BFEsLS4dIcBQwZ048HJMwr09fxZw9%2FDMX2S1ZzF2txO07wpSHt5FeG%2FH7Xww%2F%2FMuALSolvLRbmaO%2F%2FDwX%2BzVA2GyfqAfIrAwiKexctEjA8ARADhfZSOiGkruxnJjzdI4iP%2FCgGTGO2x7f0JeNc8w7wITA4MLSGId%2BZ%2FOYAjRfVwLnTYrMEdEfu1xvbC4eb7xVsCBp1vTX%2FhCgrOG9m4bucDjVkG9TZjqEQTAbFzUBl8432wvhVEAf6wwM5tqtSh0bB5Hx&nvMid=29030376589&catId=50000248
Apple 아이폰 13 128GB [LG U+],"147,500원",https://cr.shopping.naver.com/adcr.nhn?x=DBCTsUih4%2BmbKpB3pBBJ2%2F%2F%2F%2Fw%3D%3DswPbVsZ3h1pTfiAAcgnM9qnkvdDhRexm%2Fn07ljT6mdtiGgjNtjvRyY8TaEm3AQ5UwoxjcV7T3Z7g%2FUXfgvbGpKLieSOPjDtzQbQTZ4BaXQoPRBUCc%2Fit5%2BCpIBG9JMmyKI4EzZNARfSXSmzJ1q0LVzt9%2BKy%2Fm0d%2BgYWHtEf61Jo5CNclKwvLyA%2Fys%2F%2FHPPajLF5xNEd4OxamWQ%2BcHLqvQ1mNmcbgLr0lu2cCLGgyX7c9vsepmwRk8o%2FCB4DgHhnjV3m713GZwCmQx%2FE%2BuQBSiLPziKuqi6lvlwe2gIVAf2UAlXTdy6Sn%2F2yromYu89VyU8jEvYOuNMma0eEAT6kd%2Fu3gQpDzib7hnAkqGOncOT8FXfqiCwBtPYYwEdSt6i2JAYjPREpsSg2xoSGe8HsQeaPkwYDk9tHsvw%2B%2F64PPynPYEc05LTibBt%2FawtKKLwCqnTEM7MMN0Xq61PV1wjz80Rv%2FNpWB9ed0XZ%2BQGzSrNlO9%2BkXxt9yVwmMB510oiouqgTvSX9FaZicg413FBIBPeXbruoVk0MBFhxmRFA1PBjClXdLIQl3Egg54C4G%2BoFZ1jJ0j%2BvojlBkPgd63yRR8708ovuJJHAGCwd0hLf0zko84GruH08DlKshetxY8KUEZb&nvMid=29030372586&catId=50000248
Apple 아이폰 13 미니 512GB [LG U+],"448,000원",https://cr.shopping.naver.com/adcr.nhn?x=SEzqZ8O%2FVhD961z9mp%2FWE%2F%2F%2F%2Fw%3D%3Dshh%2FFN6%2BMa4SRxmez79xxuf%2FnsauLYSRZeMH4E925ByZN4NgkrPIjlczCBjhk2dSMUHVgFKA6zQvwnZW99XW98If95occ1KEOSfn0MBcQE6oe%2Fr9m%2BjYyczC1HgkBzjj2cjJFI0Xcks0%2Bm2T1Xc8EbMv%2BjB2erv%2BZ%2Brrs5VHOiTQgGE7%2BZatKjf5hEf1XctkKiUcxJt3KuQoVz4dC4LwqcZbkCnZt3PKDnGtnPfTpWXV9gLRMuJH34gK%2BdKxxm2wLaK6Qm2zrPs3oO4FGf9iERN9%2BKy%2Fm0d%2BgYWHtEf61Jo4AUk0tbEb%2BPaAR8Zvsauh4151wjJiOiNyFp%2BLyBdbmOkX2QfW8cdE4IInPWn0YIUSe4j7VSO75EuNYt8EGaKK0v3bB0J6%2Fan48l5R1%2F%2Bt0nAZUmNA4gxLTebXdgCfMUNCk5Veu6YTQhhahVu5gYc%2BVXidWWlmU6nrd6uznt5Dut0FDHYnQii%2B1Jr2q%2F2imU85cZ8pgTGru4bgUYhRhw82x17iFLT9n%2FU8X6RLScTNRjGYmSamSu3YbBxwwpcDfn66Ov%2B%2BG7P8zZs54SDuTec41NDcL0a8VDAJ9AUPX%2BgJd4UmHySn9BkbQcTgff6rwrDEOEsHC78VBLnFZh%2FnDobeN&nvMid=29030419586&catId=50000248
Apple 아이폰 13 프로 맥스 256GB [LG U+],"933,000원",https://cr.shopping.naver.com/adcr.nhn?x=DG5rogx96NlZSr6fjQDTYv%2F%2F%2Fw%3D%3DsDQyJH9KYCf%2BfKQy0nkUrq2ZpOnLDo2NeO1%2FuWSUUTUPrlQPyQuHoHFsppYbPEdHapao6oNJO2Ekg%2B7tyFNZOd8ZAOZ4ChFvd1uPY8H3pXr1EUNwosMc2lhJVWZU1ti%2F%2FiIY1b0rJiSzfd9Hm07yfPoZnlrSZr8PDPdBCvs8uWtdeJxHcKH4rYUhc5SxvGs%2FQ7wSV%2BTNvRpjPuhplTV7V0SJO7jbxAC%2FhHJnJbE9pD225SET%2FmTh%2Bwr3iKnDGr9FRKXjFaxao6j%2BzCdDBK4%2Fo7118On0%2B4OT76dMX121gsZ4Hs%2F2PHkpmvWjL2qy1nHubPcIU8dA8pRf6ZiBiSE75lI1m%2FSwE%2BRLW1fCwkrBgh0JkIptLkhleORsoGb3BUK6QdpNigRczOXpJrKZuD6kaGyASNp6WqyUI%2B4o5aUevPDFKsaK6szvgRo5X5XC1HnWyJWkKsSeQuaZ%2FlYk3rKhKIB0FDoGwtxN%2B5xJO0sRqQSMEiaNfJtI8%2BWxAc1EGc8qsV5wvSck0MfgYLl2aZJDmmoQaVSsZEwzeZLAjmqINE9M81Gi44tUFH1uRUKbnASPQj%2FaM5nVf1rOXk0fVU4woW2pA3Cc4itfi0u12r%2F7oPwSy5o2wVXHl6Nqb%2FoiWMPZUQdAiJdwXirBRdnaxfvrBbw%3D%3D&nvMid=29030190586&catId=50000248
Apple 아이폰 13 프로 256GB [LG U+],"1,299,200원",https://cr.shopping.naver.com/adcr.nhn?x=UIgIHwAM%2BGDLXBQqqLECGP%2F%2F%2Fw%3D%3DsOtvrE2zRV2tvhATqVxhu2RXi%2BzY8SQwKmgmUyqA3RsoCYpaXrkpTZ0FTnmqeb1eBv%2BFa81B5YlALNtfoEBdO0vMTD9ac0KFgBK0DSQm97WqXoJpDnIdMWg3fAyPBBumRtNsm1e8dFwekJAked3EzLVVd6Z%2BmZ5fvTALbBBPmfKL392rcVj5mouEkJq8zyckj5qgYNcvRAB3%2Fh1lop7CEyTMYBx1AVSExF%2FJDG79qxZqMM%2FDmpmcp5jtKq25PRN0pT5U7oNS4OHHztIFzORTFRcv%2BjB2erv%2BZ%2Brrs5VHOiTRLlIk0uAh1LVcUK1nkYRMYQBCwlsmiaYcffg4fVYGQJyEhb%2B5%2BbgCLWD5ufmjwVaDkdQmojXZWWnzRSgVzpBh4YQ5SLmRiOaT1xCe7noH%2B7qAhfbmRc6T9Q91MqoVII6oOBwpY%2FtOsTB9Y%2FR9XUEV7qR6MiHa6u6HMz%2BxZEhI3ZQSJo18m0jz5bEBzUQZzyqxXnC9JyTQx%2BBguXZpkkOaaaltx3%2FnbOU6fx4WqZQy8sqk3CKrsbXUYV0GieM2F1jG%2FhgaMkJIhbUi8HFdPXAb3UjyaEuDB7JnP%2FgiWdInkiby64rHaVapdf1ykLSxWT4MdHI8FZtQVGFZJxOyBDKc%2B&nvMid=29030415586&catId=50000248
아이폰 13 256GB [SKT],"1,177,700원",https://cr.shopping.naver.com/adcr.nhn?x=80VsneztV1oIjNizTJkC4v%2F%2F%2Fw%3D%3DsSPQVBSuH1mhqsV3OKOLQ%2BS7h8kMA06alQy7txLlEnSGGgjNtjvRyY8TaEm3AQ5UwnbqDM4VvY0hcmr8pWabEmrieSOPjDtzQbQTZ4BaXQoPRBUCc%2Fit5%2BCpIBG9JMmyKI4EzZNARfSXSmzJ1q0LVzt9%2BKy%2Fm0d%2BgYWHtEf61Jo5CNclKwvLyA%2Fys%2F%2FHPPajLgV6R7Mz7tF8VQRt5RiVTs2NmcbgLr0lu2cCLGgyX7c9vsepmwRk8o%2FCB4DgHhnjV3m713GZwCmQx%2FE%2BuQBSiLPziKuqi6lvlwe2gIVAf2UAlXTdy6Sn%2F2yromYu89VyUTgoogWXWggfQ%2Fl%2Fxhig%2Blc9xoE4pJNFRRBk9cCtbaQ1XfqiCwBtPYYwEdSt6i2JAa%2FZ7ZC5Ezmw0wgE0yZoAZ0oZ%2FIt0FR3Ak2p4eIC1BEEEc05LTibBt%2FawtKKLwCqnaAlobvnzLQdM2LFJqdgxXK5YEnW7ZhUoyBcvuj4F2rIbKSm2aNitpbUYzYF0aDVOHBdD8%2BhRajzTzBXvgxEih5TL3ruaVJreZl%2BplMuLoOonBSJL4f8q%2FKgiU7fKWKwOId8sCrTTUq0q25xDQT8NwzocllCCMjxVKVs7VHzzMnYNUJgJp6CUXauCvW7Y5AjN&nvMid=29030181591&catId=50000246
Apple 아이폰 13 256GB [LG U+],판매중단,https://cr.shopping.naver.com/adcr.nhn?x=ljzqUAHprnTGBcJQJUpkRf%2F%2F%2Fw%3D%3DsSFLmL%2BAMRzv2rHply9ESmMKsDZEzig%2BoVu0MzFQgD2iGgjNtjvRyY8TaEm3AQ5UwnnWlI%2Bysb81UzprkaFX1HrieSOPjDtzQbQTZ4BaXQoPRBUCc%2Fit5%2BCpIBG9JMmyKI4EzZNARfSXSmzJ1q0LVzt9%2BKy%2Fm0d%2BgYWHtEf61Jo5CNclKwvLyA%2Fys%2F%2FHPPajLNElogZd7xdnjun%2FvFIpdkWNmcbgLr0lu2cCLGgyX7c9vsepmwRk8o%2FCB4DgHhnjV3m713GZwCmQx%2FE%2BuQBSiLPziKuqi6lvlwe2gIVAf2UAlXTdy6Sn%2F2yromYu89VyUyWIh4RadERE6%2BXPOM7g1g8GyGm0RFt%2BJsShSMfvuPUJXfqiCwBtPYYwEdSt6i2JAW32f0jt%2FlXz3POHXuCNiIsFFjYjGnA07pDcs437Tz%2FYEc05LTibBt%2FawtKKLwCqnaAlobvnzLQdM2LFJqdgxXP%2FNpWB9ed0XZ%2BQGzSrNlO9%2BkXxt9yVwmMB510oiouqg3UtU06UguW42HbfpwejgvwGE2Dqk7%2F7DptJHBb9246T3VCyCpn1RZsO35Kn%2Ber2DHWRDKNJ0L5CC%2FlFstm1dX1dznR4EhPC6BI08fc6TT2xWkbDrUFJ2hBG8QaB8WVzn&nvMid=29030189588&catId=50000248
아이폰 13 프로 128GB [SKT],판매중단,https://cr.shopping.naver.com/adcr.nhn?x=Mc3kdq8Tqa5J%2Fbg98jxcVP%2F%2F%2Fw%3D%3DstcpRFFFqCouDfkMZ4du24S4Oxn%2BL86ndzsqfX%2BTlTSdN4NgkrPIjlczCBjhk2dSMPVcK0ZXhRK7Z7kPQf6KCaYf95occ1KEOSfn0MBcQE6oe%2Fr9m%2BjYyczC1HgkBzjj2cjJFI0Xcks0%2Bm2T1Xc8EbMv%2BjB2erv%2BZ%2Brrs5VHOiTQgGE7%2BZatKjf5hEf1XctkKj4VCf1oecxDRz2Xr8EokFpbkCnZt3PKDnGtnPfTpWXV9gLRMuJH34gK%2BdKxxm2wLaK6Qm2zrPs3oO4FGf9iERN9%2BKy%2Fm0d%2BgYWHtEf61Jo4AUk0tbEb%2BPaAR8Zvsauh4r07WCQ1CM7sru9LjEWdt%2BV1f49eVPm8lEyN2MOIBbjKe4j7VSO75EuNYt8EGaKK0mw1UBNyMjEEhz3yXnellI91woZLwre%2F0c6LfC8XQvOak5Veu6YTQhhahVu5gYc%2BVPg6eBgqDKD1k7ahaORJH6py3KWCDvz%2BWtJHXyYf0%2FQFBskTaofqwA6IQD8JZOZb7aaBw61f%2FbjXk1f%2BoRLG4sk%2Fg8w8cKe509NmMZFQPeJSq4JeZc9iC6ViSfnWoToDin1VTvRp%2F2Lhk5S6kP9iQDQN%2BQsjK6V0FLd%2Fybx7qcubNSE3OzZUT76KyqzckASmm&nvMid=29030177588&catId=50000246
아이폰13 미니 128GB 공시기준 Apple iPhone13 128G,"39,000원",https://cr.shopping.naver.com/adcr.nhn?x=QbV9gAmHTUzGpidn0fbEfP%2F%2F%2Fw%3D%3DshwWhRPyQQ7Mkh%2FucXKiEEGxyxoXMbzAmGQHSbPG%2BnzjrlQPyQuHoHFsppYbPEdHab9LSF%2FQFMdUbgtSccD68MIia2ec1Eu67jCIiczCcPzJEUNwosMc2lhJVWZU1ti%2F%2FJ4ouPFRokRvergKryJcScVNVcI%2F18ppt353%2FqRWzEBPXkj%2BZW%2F1lJfgqvRvZaBhR6oSEfvzupJmkIgdXgLz98p1EjSy7RTnnAhr8JKKCxOfyW8ENVl%2BEh%2BtXH0e5d9nzDJ6XD30zyRCVAaUvVRGJvhCGSQdcrj%2BZJHLmJxgT%2FbsFbfqvhBmyFER%2BD7e%2BrtE2t7I%2BYgaRNYvJR1rrh1MEfOfUiiwQuvO25suOPFLlj%2FHc%2BW0u8b6w4v8DXPcQXYILLNh%2F0Im%2BOFK%2FumsHoQ5wQoHORR4iSZyt%2BZ9soezygAzrsHSgdMdHmit2qshGRgHG38p3rW9%2F0CxuNYnJMui7zXfRlYCidTpDBlRHEg6XMsulkX647Zdjjw9%2Br5Mcvp%2BaH9ArvPv2wfnTmuVqyxs3cqOuBZD%2FQkGyMe53inOjnLU4oo%2BLqsQ%2FcxgG%2FsYr4H4NmW16dpGh3EcBjn0SbwDSUjYz%2F6mh79QSb0IDcdrSl5CCqA6%2BrrPkSkQjk3bFq%2FUy&nvMid=38665575984&catId=50001519
애플 아이폰13mini 미니 128GB 스타라이트 자급제,"739,000원",https://cr.shopping.naver.com/adcr.nhn?x=1ixqvUZLKMsdE8wfzo0GsP%2F%2F%2Fw%3D%3DsaasJAZ%2BLE2vvauuzrzrDK1ZPDzAv9qbvHvXLa9UxuVLrlQPyQuHoHFsppYbPEdHaoIE1HUKkb6BUfIO5MaAqDLaVwYSSpLY1nb18Yvfv0CFEUNwosMc2lhJVWZU1ti%2F%2FiIY1b0rJiSzfd9Hm07yfPsmscUZuB%2FB3GA4tAdwd4kJn0E%2B7lsL8Xc%2FJzL4VwihdxHVte71hRq6EhkaluFxygmiukJts6z7N6DuBRn%2FYhETffisv5tHfoGFh7RH%2BtSaOAFJNLWxG%2Fj2gEfGb7GroeApHaZyJBYouM31tZtvYi8zLU0OriGVFTOy6ypJ2ezPVV36ogsAbT2GMBHUreotiQECMnEmK%2BJidxO65YWqrUL%2BrPsqc6MSBzJnIStqnCAJ7gmcdJrKIPVadS%2FhmPKOFo431EOvTWk1nWxrBmpDd3ziVtsA9CNYtd%2BYO4XHw8n3dTBofX8l7i9YtSiQFegQNt7EuxQRv8%2BTpw%2BoUYq0PAdtixpBpHH%2FG24m7%2BkSyTdZ3Ph742w3ba4K6i83qWlZrDTE9cqwm87NOOfrJ2tALOaan%2F56m%2BzRO7EIlLNTnP6oYktBesViwxtPO%2BkNjDgFubG9TZjqEQTAbFzUBl8432wvhVEAf6wwM5tqtSh0bB5Hx&nvMid=85266284861&catId=50001519
아이폰13 Mini 128G 화이트 미개봉 새제품,"725,000원",https://cr.shopping.naver.com/adcr.nhn?x=VdarZdhzqkot5TKbseTrIv%2F%2F%2Fw%3D%3DsK%2FtzfnaSBssyGdbAfaXot5UAFgFBjJGy2bKNugib%2F1lN4NgkrPIjlczCBjhk2dSM9h9CbY%2B0fZDAsMoYhhu%2FZYf95occ1KEOSfn0MBcQE6oe%2Fr9m%2BjYyczC1HgkBzjj2aUTN0K9VwcciF9tpBR%2FK72C4z2qrZH4UPxz19xmOiyr59rhO1IvbiHiRrb0cKw73VTTe9nqyyGsbLIL8gk8zR%2BgpkHclrCGAfuUYEpVwEGhpGc2N4mMEs3Fs1gmMStb1w6ZjbtkbN7RD61dGUzg7G1qsmhWtsS26cBgiQoajA6qPFBulmHye%2F7Va9GphKqu%2Fs4t%2FF9ssSIkobPy6k8yFBRtX1KiGewk6njQXhFIriI27Wk%2FNdCoxzLlLj7NMtznSzfNVo1KcSVSazeZg7M%2BAacl2TH87Qkp0khR8jl3HEjjqN0SQAolfGUa0M2TBFvCc5yhv3PbBuHeLPj33yc7FJfWViXRbCK%2FQ0fDfLwZylTxCLh1XVyii6l%2FXPa0HWQKOxCpXQMMWxQIx9YS3hUHmb48GKY8NnA621mNyvBRyVn33UA7Pr5lHAftKrUHSTcEVABeqniBydcScAZFN4pufx2hopkeKUdu5q4dSKA0zkoA%3D&nvMid=43167449077&catId=50001519
애플 아이폰13미니 256G 자급제 새제품 공기계 정품,"269,000원",https://cr.shopping.naver.com/adcr.nhn?x=hRd81CmQa3gKUBY6tyOBvv%2F%2F%2Fw%3D%3DsqA74OWhanwtcrPcVr0BU%2BllLEm9gLfOXvRbVDcYJvWuGgjNtjvRyY8TaEm3AQ5Uwim1MmtMlvcxMwloZ%2F6hXILieSOPjDtzQbQTZ4BaXQoPRBUCc%2Fit5%2BCpIBG9JMmyKTtG6qWAlpdcKwbLBz6YB7Fi393%2FfVqWWsor6vo8eno%2BO%2FsdgQE5FIA0Tw1QMogpFjba5%2BwYR8LPgFrvc%2B3VpW%2B9NdaW8cB5BkV5gqIcNho%2FaS%2BAKvgYjaamySKK8pdXOXXw6fT7g5Pvp0xfXbWCxngez%2FY8eSma9aMvarLWce5uwdSa9TvFwit19eb%2B7MZpFXgUkv%2FIKXdjH%2Fb1jxs%2Fmzdh70KxtauexuiiD73hEv8id8KA2IainFVPp4Sbqf85kC6zrGpp4BpoSbH09d%2FylOdTfi%2FvGZjNDcfG6Nupxf6gEkOp9Bmy6mHPJj43R6ti1V%2FXtPLptYwl%2FTKhYD4kae%2Fftkm8W1QoCPgSB4ZHGEXz7TCRVaS%2BK4xzABkhgl9NHJu94ubd7dK5VCVqswJP2CBlVz4bRBETVuXA%2FSlmCpx4ugiDh5S8n%2B7Rc0MeNuzgdeJU5ZDLu9WGiKqZpjHD4bjV6PdCY5BT69hSxcuX6D3Tke%2FVP%2BgM94BPZkP5YJ%2Bex&nvMid=39992375225&catId=50001519
아이폰13프로 iPhone 13 Pro 128GB 256GB 512GB,"1,141,490원",https://cr.shopping.naver.com/adcr.nhn?x=k9dCuwX2ZQP4xwDx4vosEP%2F%2F%2Fw%3D%3DsnoOPsWo4N0fShG4XsgWnM6rC6o2%2FyErD7W6LgFwkQ1zrlQPyQuHoHFsppYbPEdHajNDKxtBboiJFFC2Ewb9%2FhuI%2FW18ou2qn9xbj79IxvF5EUNwosMc2lhJVWZU1ti%2F%2FJ4ouPFRokRvergKryJcScVNVcI%2F18ppt353%2FqRWzEBPXkj%2BZW%2F1lJfgqvRvZaBhR%2FH20aIk3YemMXi5Rl5PkkwVcHTirqBpj2YQGQn2G9zryW8ENVl%2BEh%2BtXH0e5d9nzDJ6XD30zyRCVAaUvVRGJvhCGSQdcrj%2BZJHLmJxgT%2FbsFbfqvhBmyFER%2BD7e%2BrtE2AGdkQJGNukUMf506NBajkefUiiwQuvO25suOPFLlj%2FFu%2FAabAnTB%2BowlNBlasb7MjG4HrMhbWOydkAJoCULw%2F4HORR4iSZyt%2BZ9soezygAw0h4u2zxJZI0bEMfsqZnVHDuXkOlgCanfaiZejtQj6yMPfLRYQO%2FVbjpde78G0nn3kD5%2BqWoPNCDGY8Dw3BxexxDWJbk%2FSC5weTxF4Cvmb93R9INs9ZpxiOekV5%2FkbMXFTXODdP6WJLn1ZQTMHjpDJ6jgHr%2FlGT85f7WbHbqwPEgN%2BQsjK6V0FLd%2Fybx7qcubNSE3OzZUT76KyqzckASmm&nvMid=40985350690&catId=50001519
아이폰13 미니 128GB 미개봉 새제품,"429,000원",https://cr.shopping.naver.com/adcr.nhn?x=I37oFuU1V4kg1Y1ph2ZWsf%2F%2F%2Fw%3D%3Dsed5%2F7nswvdI6QIrh3OlBDIgExz%2Fs2Uwntixzeu82oCeGgjNtjvRyY8TaEm3AQ5UwCPzipf8pKmczbxvHaO1BgrieSOPjDtzQbQTZ4BaXQoPRBUCc%2Fit5%2BCpIBG9JMmyKTtG6qWAlpdcKwbLBz6YB7MdGH5KCyVnB8U4SStFY7E%2BvTLzzdgu0YMXaHxkkqXw7BS6DXGlqXXvFOmw%2BEQ4qOXU0mIpA1ycJdA0Yt52j3bkXuHuZfjnh%2BZtCKaLMO%2BcFyc9uKfCopxI8wMEQ2kNr4eXCuTyphDLRqZ8nysmnunmnYSmhsG6%2BJKZGRZux5sVqumu5MYNf82adD%2BYNiroM45zHu6uGrDFvMDwr9PMQLBWxEdv2SRKOn3RlXoBI%2BpjgIEfPkr%2B9q4OW0s2s163tOj9rXyqENDUD8omnd%2BAEOivf3Vb8LXDlJWzaxi1N0VJ6p1hgLiMQfYL6p7374r%2FMgV2tT2AG9M5jxdXEaCkbHF3XsQ4hu1TqgEXCA17kWRHBZiExi7owjIGMhzAwPRySqlb70xOLoOcyBJcCpDzeWLk7ZwGj4ZcK25iKE47SH20QItOvuYomZ21TC8gbv38A%2B0dkncwCQw2QF9%2BgtJn%2FmLXi5%2F1EfXvwpdeUImRv3J%2FBT5L8JKxviTLgEFnStalMW8KR3YKlD9qGAl6gX9HvZO6pSLuKI8khvENnFO04Wzt9uQ97jjq43BAJBTXn8azBnVaFndIwdNwuWmKtx1HNSCrUkiyUGZ3FpPHvE7X48%2Bhb&nvMid=42320616520&catId=50001519
해외애플 아이폰13미니 128GB 미국판 직구 무음 자급제 공기계 미개봉,"882,000원",https://cr.shopping.naver.com/adcr.nhn?x=Tz2y4mQuJXMovygQGCABHf%2F%2F%2Fw%3D%3DshghxntreFgnZqLGVXFExa32aRkmFRC2MfMvMRBgGz0eGgjNtjvRyY8TaEm3AQ5Uws8T1M%2B1I3Z7cK0GocouhoLieSOPjDtzQbQTZ4BaXQoPRBUCc%2Fit5%2BCpIBG9JMmyKI4EzZNARfSXSmzJ1q0LVzkS%2BortKzfQDWBF5GV%2FKfqEhJv3ljJo79VVIpj6%2Fm3WOWphoeYDS7oleo9U%2BsMQ0Xk%2BVO6DUuDhx87SBczkUxUXL%2Fowdnq7%2Fmfq67OVRzok0S5SJNLgIdS1XFCtZ5GETGEBqb5gzBAuWebFsDDSxbjesaIXwtTA6KRv6cRa66H0gDG4evy%2BM13j64UYOnhTyGfGbXwWwMBGYt8rP6EHJH3vcEUMk%2BYg0ZV3bZSl4pTyyzgKInaGsHN%2BzcOI5%2BwOSJawhsW%2FPrID9o244VFzaIK6MVwtktObuqve7c42driW%2BuL13ifTNB3sI5eIdVdEO7Q%2FG7MF%2BOT7WaWWZiCIwFyj%2BN70j0AB1A6xB1f6XW4fruQr4ZquTwopM2%2Fg1%2BnHBXgcizFbeTGPoGgxWlNqJduZ7yRI57RgpI74QzeqJc%2FF0A4weKUm6RyaJePm8Xd%2ByN195k0co9NYpB%2FCjmAnTGQuWBUOoWlRQcrHGG%2BLZnGgSHRyPBWbUFRhWScTsgQynPg%3D%3D&nvMid=84830466060&catId=50001519
[아이폰] 애플 아이폰13미니 128GB 미개봉 미개통 새상품 정품,"134,000원",https://cr.shopping.naver.com/adcr.nhn?x=LNBUE9up623hppS%2B1jUAzv%2F%2F%2Fw%3D%3DscSgH%2BTD4ljTl%2B58H40I6nLKD04LGaxlC%2BEc6ERt5MLKGgjNtjvRyY8TaEm3AQ5Uw1H%2FJTpP4D3aSQ0WEyjFQSrieSOPjDtzQbQTZ4BaXQoPRBUCc%2Fit5%2BCpIBG9JMmyKI4EzZNARfSXSmzJ1q0LVzsQfcp7YXkf%2Fu%2FXnNGbHLRRWR7fx5yQI121h3YIs%2BgYPxrgbkemE%2B9flQGh4zPwRSeGXaoj%2BpZeuESWVnHGLXIYcf4E1P7Eu7ExMtHINUslQqC6IfftJ1ok4TummOzGU7hPNluBWq2N6soggTDnr8RerilkDeG%2B1rLU11UaeFf3disext5K2yYkF868rsMDqibue11h35DjIGZjtQfnonfwgdpHwO%2Fen7t%2BFxXrptaUdx72P1MzfeDsyK%2BcBtz34gDYvbTRCTJQiEtkJQohso%2BFhjqO8wrmEQ3SxQRFCQMGnH5rWXXtYasaxtbD1PkSXAixZGCsjRrdvBtIgJWtAMZk25L%2FURKggDxHNUh%2Fnl36C7fpwZFgBhuA1Alz%2FfwPKVuxuw%2FH9ui1CqkqY%2BZJ85CIDeub0otWFwVTA8amlCeWQC45tFdOjdOv5a6PwnW6zRormKisxiYFTmiFQpxea2%2FSY95jfDUxu%2BL1ipOGF7rLR2ZVWCwxCaZyPHBegjD0iFi48V3FSKpopsFx3XFKckgmdMClPpTZBBfdkvfgGq%2Ft8hWw3%2BIByOa0jCVNQVnCDoA%3D%3D&nvMid=39993191428&catId=50001519
아이폰13미니 iPhone13 128GB 256GB 512GB 공기계 자급제 A2628 블랙,"787,000원",https://cr.shopping.naver.com/adcr.nhn?x=8HgCL65V3bKDXLICPQ0%2Fn%2F%2F%2F%2Fw%3D%3DsvhXAY08dthkXPc62JiGg%2FBNSnuXZCPY52mgyMNfIO9DrlQPyQuHoHFsppYbPEdHaIY83PtnkyhSyLittHv8ejYia2ec1Eu67jCIiczCcPzJEUNwosMc2lhJVWZU1ti%2F%2FiIY1b0rJiSzfd9Hm07yfPuPYFsKOGABFhj5ZzjFkFAeKjyp0s01e9YG50wI1msUPlqPwqAOr9OJTC28vx36ivSngx5JcStxGofmT%2BnoJiqaZz%2FDQVh%2FkLDYr7Kne47COO92wMrB2brRlGTKKY1GvANyqzARv0wEXVc8G04AACnoV%2FxCYV4h2UGIY18vqfkUIRyz6l5UI28KkeNcSj99r82tmZC3tk27m9ZrZHje4nAFdfDp9PuDk%2B%2BnTF9dtYLGeB7P9jx5KZr1oy9qstZx7mxd1Bo%2BiMyh8U24VzrHr6qrm8A08Ji4BlAuT5Ye%2FEG2ahqQvwmR%2FqlT0jQuNbOPrwiW%2ByZzdgJL3ItltC0VdzyAqcmKgR2br6WmupBfkaHDukcJhBU0uTW5xNjhnsS1ThadKcrUWqf5D6SB6mI0iNUUuvku%2FvlD%2BbCtbTLyJcAWXZSVJSAxnAJCgFMe2TC6HvXcifmd8cmtT4ZPHUobTOJNy%2Fimyt5qk8wV%2FC3AZJlEztUx%2FHy%2BJ%2FgdmlGcTuaSetkhL9Kvibg7hvRhbTTubOjp0fSDbPWacYjnpFef5GzFxLLyyjqCqrknz%2FUtH7Vdg2cm3zN0iSxDsuvrl9Dza3jwDfkLIyuldBS3f8m8e6nLmzUhNzs2VE%2B%2Bisqs3JAEppg%3D%3D&nvMid=43865161665&catId=50001519
아이폰13미니 iPhone13 Mini 128GB 256GB 기가 정품 블루,"596,000원",https://cr.shopping.naver.com/adcr.nhn?x=tmDhi1bq9aHSTsb8jLTg4%2F%2F%2F%2Fw%3D%3Dsic3cbX%2FB%2BG6jJvbZ%2BGPNl5PWc4ZDV0EhUrBNnl9ajlqGgjNtjvRyY8TaEm3AQ5UwiBBoOqqBskxRXpyKXaP1grieSOPjDtzQbQTZ4BaXQoPRBUCc%2Fit5%2BCpIBG9JMmyKI4EzZNARfSXSmzJ1q0LVzhzWbUP4hsfkDiMh%2FeiprrdhOluJ1tWQQiXRTgst1zfMprwHD5DyllcxHhER2SP7xe2lfC%2F9AFICxv6cDw8iubR4vWrYa87nHmE21SeXkgxgCCF%2FIna1fCd8ve7tDsid8QU0hQnPEirprpQVgNn%2F2ubPo0E59o8sgNyB%2BXi3GmAw9kx7yuBgYhUG%2Bd8cGjTkUUoJrKL%2BayM6BkADOA%2FQ%2B5H84irqoupb5cHtoCFQH9lAJV03cukp%2F9sq6JmLvPVclClQK7ALSn%2FbRKnSnH%2B2rBz20pQQ8CARfweqOabtXmtmf5S5ycDGuwbfEdv1A6kKwn2gF3gu0cami%2FuazBRX3hgEzKNhXnbzXb1qeZT8q1YEgc5FHiJJnK35n2yh7PKADJF5HqldTnJiCefUPVugw126TV51f2BIzl9cmpajdZ6fpFHneoTjfS%2Ft%2FIse6WeKGqyfV%2BVAeikbDRMa6LtWZwswBBPBmAnMiDRXaXsVcDIg%2BT7nSdMrd%2FtPa%2FusRboREHR9INs9ZpxiOekV5%2FkbMXHR4qStUpoC7fClPEgQpF2dnHHHIeYf7Azw%2F459v2csrgN%2BQsjK6V0FLd%2Fybx7qcubNSE3OzZUT76KyqzckASmm&nvMid=43347400936&catId=50001519
아이폰 13 pro 128GB 자급제 미개봉 새상품,"1,161,840원",https://cr.shopping.naver.com/adcr.nhn?x=KxTpJXZ%2Byp0Co2p0AraMzf%2F%2F%2Fw%3D%3Ds%2FReWew5gYfT9kdgbRvOjYlHLj2nAa4RSUVwEJdoc9AaGgjNtjvRyY8TaEm3AQ5Uwk%2Bfb4nNOCiV4ZbV2dMsqfLieSOPjDtzQbQTZ4BaXQoPRBUCc%2Fit5%2BCpIBG9JMmyKTtG6qWAlpdcKwbLBz6YB7Fi393%2FfVqWWsor6vo8eno%2BO%2FsdgQE5FIA0Tw1QMogpFgpP9AZzUNTsUUxjwM%2BgCtGNKMiMw%2BoZVB8eJKhSbydzDPj1TYauYkUiDJ30wecJjq4pZA3hvtay1NdVGnhX93YrHsbeStsmJBfOvK7DA6ok1OHOj6xYcFFxufLBXSwnLPbiPZkePW7v2lStxB7EmBQxuHr8vjNd4%2BuFGDp4U8hnreBNME2hlc8plz3fx1K4obgl%2B6nysN7iylSTy%2BxBAoVCWSSOe4IsUYm8fk%2Bmy9GeWh3K0c798xLwE77epYnZOq90eUzIIQGeNrWVXBgk2EsT4LNhk1f3YB6aFMHGZazb2UFb4UxIZNl6W8QUUbn%2BIeyZmloE3DL%2FhPhWP32BLs2U3N0kWCShHUw4vdlvoRYUmJ9OxiNlOIxTEkU0mLM%2Fvmrk4guiuuTXqzpfPJc5DQVdznR4EhPC6BI08fc6TT2xWkbDrUFJ2hBG8QaB8WVzn&nvMid=32441925414&catId=50001519
애플 애플 아이폰13 프로 (13Pro) 256GB 자급제폰 기기변경 KT 직영점,"388,000원",https://cr.shopping.naver.com/adcr.nhn?x=GkW1dHDOkx0Pz%2FjwLUrc1%2F%2F%2F%2Fw%3D%3DsYYfaN3yaRzcn3c6hxl8tJmIfPByxZkUXZeWoS6P3Jt2GgjNtjvRyY8TaEm3AQ5UwEz8zd74%2Fubk%2BLt1A8O4TUrieSOPjDtzQbQTZ4BaXQoPRBUCc%2Fit5%2BCpIBG9JMmyKEdbbRgoOL4BTTUzW68208MNHgaylo8oOLD%2BoSlOgwQ0CHQNNLjv%2FUbY4TLZErh461tlHnLGeH66LUwoQyPsAcLOGaI5CAc8vIbLk4U4dY9ogR8%2BSv72rg5bSzazXre06P2tfKoQ0NQPyiad34AQ6K9%2FdVvwtcOUlbNrGLU3RUnqqAFNO%2BULHvUuCZZUbXzbpMVdd8yUItSvaUomikco2tyBQfl0pL60AN3EwdSZgR3lJL9fHKv6nk3UG%2F%2BV1Y%2BasqwbK%2BNLjghCocGW4o4m5sIGwarDfGXrOwBNXQp0xN%2B%2FxtvtX9ZdiN3qEdrYvQ6BNYpIYay0F7Bz62amuBZ96HJVmCtHR%2B2TbshmXYvrxncaUGedX9fbTCA4xwdp8yC2spZF%2BuO2XY48Pfq%2BTHL6fmkPPq2mxEsJrPaesbPcZdu2jrgWQ%2F0JBsjHud4pzo5y1NatK1USi0nOxc3oFOpjBKQU7CvF5VeBRF%2F55oyKVy%2BiBhKeSp%2ByIuu2gUR%2FbjKmCgqgOvq6z5EpEI5N2xav1Mg%3D%3D&nvMid=39558601637&catId=50001519
아이폰13프로 iPhone 13Pro 128GB 256GB 512GB 기가 자급제 실버,"1,218,000원",https://cr.shopping.naver.com/adcr.nhn?x=06J9Ja2xhSW3tJgSzd41yf%2F%2F%2Fw%3D%3Dsphw58fH7fbluGEbrjdWvaKUN3ityTkCJXsI%2BxzeaozNN4NgkrPIjlczCBjhk2dSM2ZgOyFo3tZfvBShsRMpxlof95occ1KEOSfn0MBcQE6oe%2Fr9m%2BjYyczC1HgkBzjj2GBCQn2qAOoMFlRTk0nk39G6IdemuhMaRXNFs4t7grWz%2BdsI0oBV0GFufH9Q6MaoxT3QfZvS2bb77Pb7EQK264Z5bJAAWX9do5NuEd356oOtMhcNxRTyp7jQoKROcWGJlmdnLWUcxs3PEpu8nvM%2F7GQucyV2zEAZHrANuC%2F1tz0BCRLXYvnEaPF3CSwmm9W%2FDVIwAoCj5ptWFN5%2Bq9j4BFmiukJts6z7N6DuBRn%2FYhETffisv5tHfoGFh7RH%2BtSaOAFJNLWxG%2Fj2gEfGb7GroeNuZ0K5beBlnOemoK%2FYnLnpekwAOCN5AS7PqTkr%2Bf1z62HvQrG1q57G6KIPveES%2FyIx%2FvVK%2B9pV%2Ft7%2F5%2B4hiIsFjBvZOdr9e1%2FZ4EDVCxFvVm71W2gW1plBquqXEsFsLH4jDU6H%2FnWHNxydYI7Y5RwNY1kAMKbricA0B3nUSiriQo85CuQK85Jg8%2BcaFkaaKX%2FdlqInUjsP4aBodHFxeRekfksuHl5HZ5LZhnvs9wZ4vEMaAMyQl05MwTrHWNW%2FF9KOuBZD%2FQkGyMe53inOjnLVQv8twsLj143wMBYbD5whFitpFesb9AkHVRj1rHcqcdBlUjvX5%2F%2BegCg49QQ290KCCqA6%2BrrPkSkQjk3bFq%2FUy&nvMid=43298175727&catId=50001519
해외아이폰13 미니 mini 128 GB 자급제 언락 미국내수용,"659,050원",https://cr.shopping.naver.com/adcr.nhn?x=5uEYhT%2FYev43K5sE0XQYSv%2F%2F%2Fw%3D%3Dsjs%2F5TqQbF%2BM1r2StdejcIdKgYTXzZhh65Fjkv0Q5LnzrlQPyQuHoHFsppYbPEdHacQHR5Z3TOHerdGECbybuBMZAOZ4ChFvd1uPY8H3pXr1EUNwosMc2lhJVWZU1ti%2F%2FiIY1b0rJiSzfd9Hm07yfPsmscUZuB%2FB3GA4tAdwd4kJn0E%2B7lsL8Xc%2FJzL4VwihdETFR4BpjRKro72nIznVYV2iukJts6z7N6DuBRn%2FYhETffisv5tHfoGFh7RH%2BtSaOAFJNLWxG%2Fj2gEfGb7GroeLr2ORe03b2hgBsoQJgBsFRdJx3f%2BZt7cngiOBlO2o4Gf5S5ycDGuwbfEdv1A6kKwmu2nBp5T1zRTY1lYkyaYZo2jSBpqUVaM27jo7WfxFy%2Bgc5FHiJJnK35n2yh7PKADGq2Ur84uCmwqjhq%2FEdt3Hh5Pq%2BPau7T66kDtASA4DTbvovst%2FahjNvbwN%2FWVs7g4MH96Il5vOLr%2B5mOFkoxLPbx1HKLQ509%2B6nfkaiqzCE7VPx325uvOdomNOtg55f3KEcdQleYtPPtv%2FoX2LKRIgVG6q6%2Bj%2BuVEdr8tim%2FmYW6B6dGiarESA%2F1nz32IVp8d0fWUWzXB1FXm83NfkmFLyNB0CIl3BeKsFF2drF%2B%2BsFv&nvMid=86706440589&catId=50001519
[내일도착] Apple 아이폰 13 mini 자급제,"798,000원",https://cr.shopping.naver.com/adcr.nhn?x=CMicFr9EG7cxKuEL9jy5gf%2F%2F%2Fw%3D%3DsbvgMpCRsOzphRgxNklPcMHT%2BlJ5Oqq2dW6K%2BbwQIKpTrlQPyQuHoHFsppYbPEdHazoOXvxi%2BhJWnDIsm0FmKlCBbTrIH43mB7qk%2BrrZImxtEUNwosMc2lhJVWZU1ti%2F%2FiIY1b0rJiSzfd9Hm07yfPuPYFsKOGABFhj5ZzjFkFAeKjyp0s01e9YG50wI1msUPNqCrAzrAN2u3Xvc5GqZoIOM%2BGldznFno1jPD0K1Zlx5LaroMLJJo67AhJvQAAyli8dP51M%2Fco%2BQHSmlmGtiCX9tcwuIfdmZkuLgoBSXnnSqQtiu1xPGCFa2BLi4lmrUedh6ne8ydZ7xzQKPFjIMaXCtauBUeufjq9lNalfFobWMMnpcPfTPJEJUBpS9VEYm%2BEIZJB1yuP5kkcuYnGBP9uwVt%2Bq%2BEGbIURH4Pt76u0TZBOSdc9yVELqzRs%2FCOAscCrMMzsA2M%2F%2FINvxH7SqJk6QEMKpgpX4lgpKmhfICAvOZiBw8%2FNqq%2BdPUbmrbmgxKqX1zAqrY4dFx7D%2FtMp8zAS%2FIhyTQmsxqWWSJh6cxB0FdaA9COiVyLtQabsFPdQKn2um0ToS45%2FiXxtE9tYsATMptP2EVDEZ2eZvzui%2FV%2FooIp0v4AlEKkSV9r%2BLbSsM8co64FkP9CQbIx7neKc6Octfy%2FyPNxfMxZUcbkcAcnSAPxMiXKOItXWmmiEasTdghvgtH7HONROBk9ZDcN5ihAl4KoDr6us%2BRKRCOTdsWr9TI%3D&nvMid=44297102257&catId=50001519
Apple 아이폰 13미니 애플스토어 정품 미개봉 새상품 자급제,"900,000원",https://cr.shopping.naver.com/adcr.nhn?x=z181AnVTPaRPY9SAExcQ7f%2F%2F%2Fw%3D%3DsTsNI2%2BIlWKvPIoZ90%2BssJLmnS%2FjtW%2FcBOnj1sYabEtSGgjNtjvRyY8TaEm3AQ5UwhkP4oEDDIeOGPcejGgPR%2BLieSOPjDtzQbQTZ4BaXQoPRBUCc%2Fit5%2BCpIBG9JMmyKI4EzZNARfSXSmzJ1q0LVzkS%2BortKzfQDWBF5GV%2FKfqEhJv3ljJo79VVIpj6%2Fm3WOPZWuMpbNXjcIE3O0ahYhBk%2BVO6DUuDhx87SBczkUxUXL%2Fowdnq7%2Fmfq67OVRzok0S5SJNLgIdS1XFCtZ5GETGJG6lZ25LIesHqgDj5K9IRkisklMrw013G4O3IdSPvOYDG4evy%2BM13j64UYOnhTyGfN6tFnPgovhkUUZjguvGwtuCX7qfKw3uLKVJPL7EEChm3sm0vyUuysXn74k9VUPTVkhm79rhvZ2O7kDGcxtzK5pJ2rTbiMwE43ZNeptbU0YygstvrAGVezNanP1ESzMQVxS0T9IsI73FuoXupDnQhelkX647Zdjjw9%2Br5Mcvp%2BaUE9y3SMJ0Z9nfNtcmn4MqaOuBZD%2FQkGyMe53inOjnLU7sXnXaWwQMDAVFzCC6mjiLvYRLjOS3b%2BXSCA%2FoeY1PHLKPmr8o%2BBOovafOYLwGJJXc50eBITwugSNPH3Ok09sVpGw61BSdoQRvEGgfFlc5w%3D%3D&nvMid=86963039694&catId=50001519
